Doctor Name,Profile URL,Description
Dr Belarbi Manel,https://www.dabadoc.com/tn/psychiatre/tunis/belarbi-manel,Psychiatre à Tunis
Dr Roua Trabelsi,https://www.dabadoc.com/tn/addictologue/sousse/roua-trabelsi,Addictologue, Psychanalyste, Psychiatre, Psychothérapeute, Sexologue, Tabacologue à Sousse
Pr Amel Mrad Ep Bellar,https://www.dabadoc.com/tn/psychanalyste/monastir/amel-mrad-ep-bellar,Psychanalyste, Psychiatre, Psychogériatre, Sexologue à Monastir
Dr Souha Jedidi,https://www.dabadoc.com/tn/addictologue/ariana/souha-jedidi,Addictologue, Psychiatre, Psychothérapeute à Ariana
Dr Faten Medini,https://www.dabadoc.com/tn/psychiatre/tunis/faten-medini,Psychiatre à Tunis
Pr Anouar Jarraya,https://www.dabadoc.com/tn/psychiatre/tunis/anouar-jarraya,Psychiatre à Tunis
Dr Hedi Khlif,https://www.dabadoc.com/tn/psychiatre/tunis/hedi-khlif,Psychiatre à Tunis
Dr Zied Choubani,https://www.dabadoc.com/tn/psychiatre/tunis/zied-choubani,Psychiatre à Tunis
Dr Khouloud Houssani Ep Makni,https://www.dabadoc.com/tn/psychiatre/tunis/khouloud-houssani-ep-makni,Psychiatre à Tunis
Dr Khadija Kaaniche,https://www.dabadoc.com/tn/psychiatre/tunis/khadija-kaaniche,Psychiatre, Sexologue à Tunis
Dr Sana Masmoudi Ep Krichen,https://www.dabadoc.com/tn/psychiatre/tunis/sana-masmoudi-ep-krichen,Psychiatre à Tunis
Dr Sourour Trabelsi,https://www.dabadoc.com/tn/addictologue/sfax/sourour-trabelsi,Addictologue, Psychiatre, Psychogériatre, Psychothérapeute, Sexologue à Sfax
Dr Ines Trabelsi,https://www.dabadoc.com/tn/psychiatre/tunis/ines-trabelsi,Psychiatre, Sexologue à Tunis
Dr Lilia Bahrini Dabloun,https://www.dabadoc.com/tn/psychiatre/tunis/lilia-bahrini-dabloun,Psychiatre, Psychothérapeute à Tunis
Dr Olfa Zouari,https://www.dabadoc.com/tn/psychiatre/tunis/olfa-zouari,Psychiatre à Tunis
Dr Hedi Khlif,https://www.dabadoc.com/tn/psychiatre/tunis/hedi-khlif,Psychiatre à Tunis
Dr Troudi Hichem,https://www.dabadoc.com/tn/psychiatre/tunis/troudi-hichem,Psychiatre, Sexologue à Tunis
Dr Zied Choubani,https://www.dabadoc.com/tn/psychiatre/tunis/zied-choubani,Psychiatre à Tunis
Dr Imen Berrahal Akakzia,https://www.dabadoc.com/tn/addictologue/ariana/imen-berrahal-akakzia,Addictologue, Psychiatre, Psychothérapeute, Sexologue à Ariana
Dr Khouloud Houssani Ep Makni,https://www.dabadoc.com/tn/psychiatre/tunis/khouloud-houssani-ep-makni,Psychiatre à Tunis
Dr Asma Belarbi,https://www.dabadoc.com/tn/psychiatre/ariana/asma-belarbi,Psychiatre, Sexologue à Ariana
Dr Khadija Kaaniche,https://www.dabadoc.com/tn/psychiatre/tunis/khadija-kaaniche,Psychiatre, Sexologue à Tunis
Dr Senda Ayedi,https://www.dabadoc.com/tn/psychiatre/ariana/senda-ayedi,Psychiatre, Psychothérapeute à Ariana
Dr Sana Masmoudi Ep Krichen,https://www.dabadoc.com/tn/psychiatre/tunis/sana-masmoudi-ep-krichen,Psychiatre à Tunis
Dr Abdelhamid Boukhari,https://www.dabadoc.com/tn/psychiatre/tunis/abdelhamid-boukhari,Psychiatre à Tunis
Dr Lilia Bahrini Dabloun,https://www.dabadoc.com/tn/psychiatre/tunis/lilia-bahrini-dabloun,Psychiatre, Psychothérapeute à Tunis
Dr Sayed Naifer,https://www.dabadoc.com/tn/psychiatre/tunis/sayed-naifer,Psychiatre, Sexologue à Tunis
Dr Ines Trabelsi,https://www.dabadoc.com/tn/psychiatre/tunis/ines-trabelsi,Psychiatre, Sexologue à Tunis
Dr Olfa Zouari,https://www.dabadoc.com/tn/psychiatre/tunis/olfa-zouari,Psychiatre à Tunis
Dr Afef Charrad Karaoud,https://www.dabadoc.com/tn/psychiatre/tunis/afef-charrad-karaoud,Psychiatre à Tunis
Dr Hedi Khlif,https://www.dabadoc.com/tn/psychiatre/tunis/hedi-khlif,Psychiatre à Tunis
Dr Troudi Hichem,https://www.dabadoc.com/tn/psychiatre/tunis/troudi-hichem,Psychiatre, Sexologue à Tunis
Dr Zied Choubani,https://www.dabadoc.com/tn/psychiatre/tunis/zied-choubani,Psychiatre à Tunis
Dr Imen Berrahal Akakzia,https://www.dabadoc.com/tn/addictologue/ariana/imen-berrahal-akakzia,Addictologue, Psychiatre, Psychothérapeute, Sexologue à Ariana
Dr Khouloud Houssani Ep Makni,https://www.dabadoc.com/tn/psychiatre/tunis/khouloud-houssani-ep-makni,Psychiatre à Tunis
Dr Asma Belarbi,https://www.dabadoc.com/tn/psychiatre/ariana/asma-belarbi,Psychiatre, Sexologue à Ariana
Dr Khadija Kaaniche,https://www.dabadoc.com/tn/psychiatre/tunis/khadija-kaaniche,Psychiatre, Sexologue à Tunis
Dr Senda Ayedi,https://www.dabadoc.com/tn/psychiatre/ariana/senda-ayedi,Psychiatre, Psychothérapeute à Ariana
Dr Sana Masmoudi Ep Krichen,https://www.dabadoc.com/tn/psychiatre/tunis/sana-masmoudi-ep-krichen,Psychiatre à Tunis
Dr Abdelhamid Boukhari,https://www.dabadoc.com/tn/psychiatre/tunis/abdelhamid-boukhari,Psychiatre à Tunis
Dr Lilia Bahrini Dabloun,https://www.dabadoc.com/tn/psychiatre/tunis/lilia-bahrini-dabloun,Psychiatre, Psychothérapeute à Tunis
Dr Sayed Naifer,https://www.dabadoc.com/tn/psychiatre/tunis/sayed-naifer,Psychiatre, Sexologue à Tunis
Dr Ines Trabelsi,https://www.dabadoc.com/tn/psychiatre/tunis/ines-trabelsi,Psychiatre, Sexologue à Tunis
Dr Olfa Zouari,https://www.dabadoc.com/tn/psychiatre/tunis/olfa-zouari,Psychiatre à Tunis
Dr Afef Charrad Karaoud,https://www.dabadoc.com/tn/psychiatre/tunis/afef-charrad-karaoud,Psychiatre à Tunis
Dr Hedi Khlif,https://www.dabadoc.com/tn/psychiatre/tunis/hedi-khlif,Psychiatre à Tunis
Dr Troudi Hichem,https://www.dabadoc.com/tn/psychiatre/tunis/troudi-hichem,Psychiatre, Sexologue à Tunis
Dr Zied Choubani,https://www.dabadoc.com/tn/psychiatre/tunis/zied-choubani,Psychiatre à Tunis
Dr Imen Berrahal Akakzia,https://www.dabadoc.com/tn/addictologue/ariana/imen-berrahal-akakzia,Addictologue, Psychiatre, Psychothérapeute, Sexologue à Ariana
Dr Khouloud Houssani Ep Makni,https://www.dabadoc.com/tn/psychiatre/tunis/khouloud-houssani-ep-makni,Psychiatre à Tunis
Dr Asma Belarbi,https://www.dabadoc.com/tn/psychiatre/ariana/asma-belarbi,Psychiatre, Sexologue à Ariana
Dr Khadija Kaaniche,https://www.dabadoc.com/tn/psychiatre/tunis/khadija-kaaniche,Psychiatre, Sexologue à Tunis
Dr Senda Ayedi,https://www.dabadoc.com/tn/psychiatre/ariana/senda-ayedi,Psychiatre, Psychothérapeute à Ariana
Dr Sana Masmoudi Ep Krichen,https://www.dabadoc.com/tn/psychiatre/tunis/sana-masmoudi-ep-krichen,Psychiatre à Tunis
Dr Abdelhamid Boukhari,https://www.dabadoc.com/tn/psychiatre/tunis/abdelhamid-boukhari,Psychiatre à Tunis
Dr Lilia Bahrini Dabloun,https://www.dabadoc.com/tn/psychiatre/tunis/lilia-bahrini-dabloun,Psychiatre, Psychothérapeute à Tunis
Dr Sayed Naifer,https://www.dabadoc.com/tn/psychiatre/tunis/sayed-naifer,Psychiatre, Sexologue à Tunis
Dr Ines Trabelsi,https://www.dabadoc.com/tn/psychiatre/tunis/ines-trabelsi,Psychiatre, Sexologue à Tunis
Dr Olfa Zouari,https://www.dabadoc.com/tn/psychiatre/tunis/olfa-zouari,Psychiatre à Tunis
Dr Afef Charrad Karaoud,https://www.dabadoc.com/tn/psychiatre/tunis/afef-charrad-karaoud,Psychiatre à Tunis
Dr Hedi Khlif,https://www.dabadoc.com/tn/psychiatre/tunis/hedi-khlif,Psychiatre à Tunis
Dr Troudi Hichem,https://www.dabadoc.com/tn/psychiatre/tunis/troudi-hichem,Psychiatre, Sexologue à Tunis
Dr Zied Choubani,https://www.dabadoc.com/tn/psychiatre/tunis/zied-choubani,Psychiatre à Tunis
Dr Imen Berrahal Akakzia,https://www.dabadoc.com/tn/addictologue/ariana/imen-berrahal-akakzia,Addictologue, Psychiatre, Psychothérapeute, Sexologue à Ariana
Dr Khouloud Houssani Ep Makni,https://www.dabadoc.com/tn/psychiatre/tunis/khouloud-houssani-ep-makni,Psychiatre à Tunis
Dr Asma Belarbi,https://www.dabadoc.com/tn/psychiatre/ariana/asma-belarbi,Psychiatre, Sexologue à Ariana
Dr Khadija Kaaniche,https://www.dabadoc.com/tn/psychiatre/tunis/khadija-kaaniche,Psychiatre, Sexologue à Tunis
Dr Senda Ayedi,https://www.dabadoc.com/tn/psychiatre/ariana/senda-ayedi,Psychiatre, Psychothérapeute à Ariana
Dr Sana Masmoudi Ep Krichen,https://www.dabadoc.com/tn/psychiatre/tunis/sana-masmoudi-ep-krichen,Psychiatre à Tunis
Dr Abdelhamid Boukhari,https://www.dabadoc.com/tn/psychiatre/tunis/abdelhamid-boukhari,Psychiatre à Tunis
Dr Lilia Bahrini Dabloun,https://www.dabadoc.com/tn/psychiatre/tunis/lilia-bahrini-dabloun,Psychiatre, Psychothérapeute à Tunis
Dr Sayed Naifer,https://www.dabadoc.com/tn/psychiatre/tunis/sayed-naifer,Psychiatre, Sexologue à Tunis
Dr Ines Trabelsi,https://www.dabadoc.com/tn/psychiatre/tunis/ines-trabelsi,Psychiatre, Sexologue à Tunis
Dr Olfa Zouari,https://www.dabadoc.com/tn/psychiatre/tunis/olfa-zouari,Psychiatre à Tunis
Dr Afef Charrad Karaoud,https://www.dabadoc.com/tn/psychiatre/tunis/afef-charrad-karaoud,Psychiatre à Tunis
Dr Hedi Khlif,https://www.dabadoc.com/tn/psychiatre/tunis/hedi-khlif,Psychiatre à Tunis
Dr Troudi Hichem,https://www.dabadoc.com/tn/psychiatre/tunis/troudi-hichem,Psychiatre, Sexologue à Tunis
Dr Zied Choubani,https://www.dabadoc.com/tn/psychiatre/tunis/zied-choubani,Psychiatre à Tunis
Dr Imen Berrahal Akakzia,https://www.dabadoc.com/tn/addictologue/ariana/imen-berrahal-akakzia,Addictologue, Psychiatre, Psychothérapeute, Sexologue à Ariana
Dr Khouloud Houssani Ep Makni,https://www.dabadoc.com/tn/psychiatre/tunis/khouloud-houssani-ep-makni,Psychiatre à Tunis
Dr Asma Belarbi,https://www.dabadoc.com/tn/psychiatre/ariana/asma-belarbi,Psychiatre, Sexologue à Ariana
Dr Khadija Kaaniche,https://www.dabadoc.com/tn/psychiatre/tunis/khadija-kaaniche,Psychiatre, Sexologue à Tunis
Dr Senda Ayedi,https://www.dabadoc.com/tn/psychiatre/ariana/senda-ayedi,Psychiatre, Psychothérapeute à Ariana
Dr Sana Masmoudi Ep Krichen,https://www.dabadoc.com/tn/psychiatre/tunis/sana-masmoudi-ep-krichen,Psychiatre à Tunis
Dr Abdelhamid Boukhari,https://www.dabadoc.com/tn/psychiatre/tunis/abdelhamid-boukhari,Psychiatre à Tunis
Dr Lilia Bahrini Dabloun,https://www.dabadoc.com/tn/psychiatre/tunis/lilia-bahrini-dabloun,Psychiatre, Psychothérapeute à Tunis
Dr Sayed Naifer,https://www.dabadoc.com/tn/psychiatre/tunis/sayed-naifer,Psychiatre, Sexologue à Tunis
Dr Ines Trabelsi,https://www.dabadoc.com/tn/psychiatre/tunis/ines-trabelsi,Psychiatre, Sexologue à Tunis
Dr Olfa Zouari,https://www.dabadoc.com/tn/psychiatre/tunis/olfa-zouari,Psychiatre à Tunis
Dr Afef Charrad Karaoud,https://www.dabadoc.com/tn/psychiatre/tunis/afef-charrad-karaoud,Psychiatre à Tunis
Dr Hedi Khlif,https://www.dabadoc.com/tn/psychiatre/tunis/hedi-khlif,Psychiatre à Tunis
Dr Troudi Hichem,https://www.dabadoc.com/tn/psychiatre/tunis/troudi-hichem,Psychiatre, Sexologue à Tunis
Dr Zied Choubani,https://www.dabadoc.com/tn/psychiatre/tunis/zied-choubani,Psychiatre à Tunis
Dr Imen Berrahal Akakzia,https://www.dabadoc.com/tn/addictologue/ariana/imen-berrahal-akakzia,Addictologue, Psychiatre, Psychothérapeute, Sexologue à Ariana
Dr Khouloud Houssani Ep Makni,https://www.dabadoc.com/tn/psychiatre/tunis/khouloud-houssani-ep-makni,Psychiatre à Tunis
Dr Asma Belarbi,https://www.dabadoc.com/tn/psychiatre/ariana/asma-belarbi,Psychiatre, Sexologue à Ariana
Dr Khadija Kaaniche,https://www.dabadoc.com/tn/psychiatre/tunis/khadija-kaaniche,Psychiatre, Sexologue à Tunis
Dr Senda Ayedi,https://www.dabadoc.com/tn/psychiatre/ariana/senda-ayedi,Psychiatre, Psychothérapeute à Ariana
Dr Sana Masmoudi Ep Krichen,https://www.dabadoc.com/tn/psychiatre/tunis/sana-masmoudi-ep-krichen,Psychiatre à Tunis
Dr Abdelhamid Boukhari,https://www.dabadoc.com/tn/psychiatre/tunis/abdelhamid-boukhari,Psychiatre à Tunis
Dr Lilia Bahrini Dabloun,https://www.dabadoc.com/tn/psychiatre/tunis/lilia-bahrini-dabloun,Psychiatre, Psychothérapeute à Tunis
Dr Sayed Naifer,https://www.dabadoc.com/tn/psychiatre/tunis/sayed-naifer,Psychiatre, Sexologue à Tunis
Dr Ines Trabelsi,https://www.dabadoc.com/tn/psychiatre/tunis/ines-trabelsi,Psychiatre, Sexologue à Tunis
Dr Olfa Zouari,https://www.dabadoc.com/tn/psychiatre/tunis/olfa-zouari,Psychiatre à Tunis
Dr Afef Charrad Karaoud,https://www.dabadoc.com/tn/psychiatre/tunis/afef-charrad-karaoud,Psychiatre à Tunis
Dr Hedi Khlif,https://www.dabadoc.com/tn/psychiatre/tunis/hedi-khlif,Psychiatre à Tunis
Dr Troudi Hichem,https://www.dabadoc.com/tn/psychiatre/tunis/troudi-hichem,Psychiatre, Sexologue à Tunis
Dr Zied Choubani,https://www.dabadoc.com/tn/psychiatre/tunis/zied-choubani,Psychiatre à Tunis
Dr Imen Berrahal Akakzia,https://www.dabadoc.com/tn/addictologue/ariana/imen-berrahal-akakzia,Addictologue, Psychiatre, Psychothérapeute, Sexologue à Ariana
Dr Khouloud Houssani Ep Makni,https://www.dabadoc.com/tn/psychiatre/tunis/khouloud-houssani-ep-makni,Psychiatre à Tunis
Dr Asma Belarbi,https://www.dabadoc.com/tn/psychiatre/ariana/asma-belarbi,Psychiatre, Sexologue à Ariana
Dr Khadija Kaaniche,https://www.dabadoc.com/tn/psychiatre/tunis/khadija-kaaniche,Psychiatre, Sexologue à Tunis
Dr Senda Ayedi,https://www.dabadoc.com/tn/psychiatre/ariana/senda-ayedi,Psychiatre, Psychothérapeute à Ariana
Dr Sana Masmoudi Ep Krichen,https://www.dabadoc.com/tn/psychiatre/tunis/sana-masmoudi-ep-krichen,Psychiatre à Tunis
Dr Abdelhamid Boukhari,https://www.dabadoc.com/tn/psychiatre/tunis/abdelhamid-boukhari,Psychiatre à Tunis
Dr Lilia Bahrini Dabloun,https://www.dabadoc.com/tn/psychiatre/tunis/lilia-bahrini-dabloun,Psychiatre, Psychothérapeute à Tunis
Dr Sayed Naifer,https://www.dabadoc.com/tn/psychiatre/tunis/sayed-naifer,Psychiatre, Sexologue à Tunis
Dr Ines Trabelsi,https://www.dabadoc.com/tn/psychiatre/tunis/ines-trabelsi,Psychiatre, Sexologue à Tunis
Dr Olfa Zouari,https://www.dabadoc.com/tn/psychiatre/tunis/olfa-zouari,Psychiatre à Tunis
Dr Afef Charrad Karaoud,https://www.dabadoc.com/tn/psychiatre/tunis/afef-charrad-karaoud,Psychiatre à Tunis
Dr Hedi Khlif,https://www.dabadoc.com/tn/psychiatre/tunis/hedi-khlif,Psychiatre à Tunis
Dr Troudi Hichem,https://www.dabadoc.com/tn/psychiatre/tunis/troudi-hichem,Psychiatre, Sexologue à Tunis
Dr Zied Choubani,https://www.dabadoc.com/tn/psychiatre/tunis/zied-choubani,Psychiatre à Tunis
Dr Imen Berrahal Akakzia,https://www.dabadoc.com/tn/addictologue/ariana/imen-berrahal-akakzia,Addictologue, Psychiatre, Psychothérapeute, Sexologue à Ariana
Dr Khouloud Houssani Ep Makni,https://www.dabadoc.com/tn/psychiatre/tunis/khouloud-houssani-ep-makni,Psychiatre à Tunis
Dr Asma Belarbi,https://www.dabadoc.com/tn/psychiatre/ariana/asma-belarbi,Psychiatre, Sexologue à Ariana
Dr Khadija Kaaniche,https://www.dabadoc.com/tn/psychiatre/tunis/khadija-kaaniche,Psychiatre, Sexologue à Tunis
Dr Senda Ayedi,https://www.dabadoc.com/tn/psychiatre/ariana/senda-ayedi,Psychiatre, Psychothérapeute à Ariana
Dr Sana Masmoudi Ep Krichen,https://www.dabadoc.com/tn/psychiatre/tunis/sana-masmoudi-ep-krichen,Psychiatre à Tunis
Dr Abdelhamid Boukhari,https://www.dabadoc.com/tn/psychiatre/tunis/abdelhamid-boukhari,Psychiatre à Tunis
Dr Lilia Bahrini Dabloun,https://www.dabadoc.com/tn/psychiatre/tunis/lilia-bahrini-dabloun,Psychiatre, Psychothérapeute à Tunis
Dr Sayed Naifer,https://www.dabadoc.com/tn/psychiatre/tunis/sayed-naifer,Psychiatre, Sexologue à Tunis
Dr Ines Trabelsi,https://www.dabadoc.com/tn/psychiatre/tunis/ines-trabelsi,Psychiatre, Sexologue à Tunis
Dr Olfa Zouari,https://www.dabadoc.com/tn/psychiatre/tunis/olfa-zouari,Psychiatre à Tunis
Dr Afef Charrad Karaoud,https://www.dabadoc.com/tn/psychiatre/tunis/afef-charrad-karaoud,Psychiatre à Tunis
Dr Hedi Khlif,https://www.dabadoc.com/tn/psychiatre/tunis/hedi-khlif,Psychiatre à Tunis
Dr Troudi Hichem,https://www.dabadoc.com/tn/psychiatre/tunis/troudi-hichem,Psychiatre, Sexologue à Tunis
Dr Zied Choubani,https://www.dabadoc.com/tn/psychiatre/tunis/zied-choubani,Psychiatre à Tunis
Dr Imen Berrahal Akakzia,https://www.dabadoc.com/tn/addictologue/ariana/imen-berrahal-akakzia,Addictologue, Psychiatre, Psychothérapeute, Sexologue à Ariana
Dr Khouloud Houssani Ep Makni,https://www.dabadoc.com/tn/psychiatre/tunis/khouloud-houssani-ep-makni,Psychiatre à Tunis
Dr Asma Belarbi,https://www.dabadoc.com/tn/psychiatre/ariana/asma-belarbi,Psychiatre, Sexologue à Ariana
Dr Khadija Kaaniche,https://www.dabadoc.com/tn/psychiatre/tunis/khadija-kaaniche,Psychiatre, Sexologue à Tunis
Dr Senda Ayedi,https://www.dabadoc.com/tn/psychiatre/ariana/senda-ayedi,Psychiatre, Psychothérapeute à Ariana
Dr Sana Masmoudi Ep Krichen,https://www.dabadoc.com/tn/psychiatre/tunis/sana-masmoudi-ep-krichen,Psychiatre à Tunis
Dr Abdelhamid Boukhari,https://www.dabadoc.com/tn/psychiatre/tunis/abdelhamid-boukhari,Psychiatre à Tunis
Dr Lilia Bahrini Dabloun,https://www.dabadoc.com/tn/psychiatre/tunis/lilia-bahrini-dabloun,Psychiatre, Psychothérapeute à Tunis
Dr Sayed Naifer,https://www.dabadoc.com/tn/psychiatre/tunis/sayed-naifer,Psychiatre, Sexologue à Tunis
Dr Ines Trabelsi,https://www.dabadoc.com/tn/psychiatre/tunis/ines-trabelsi,Psychiatre, Sexologue à Tunis
Dr Olfa Zouari,https://www.dabadoc.com/tn/psychiatre/tunis/olfa-zouari,Psychiatre à Tunis
Dr Afef Charrad Karaoud,https://www.dabadoc.com/tn/psychiatre/tunis/afef-charrad-karaoud,Psychiatre à Tunis
